，,134387
、,117109
"
",115866
的,90860
 ,85774
；,47885
。,38440
.,33865
和,31028
开发,30034
熟悉,24750
有,23543
经验,21222
等,21139
：,20740
-,20620
技术,20052
3,17546
2,17516
1,17175
",",15895
/,15104
能力,13543
负责,13238
优先,13101
年,12200
及,11907
 ,11858
4,11810
公司,11805
系统,10817
工作,10742
是,10377
团队,10160
平台,10018
与,9777
Python,9491
服务,9428
数据,9395
（,9287
5,9228
相关,9088
）,8962
产品,8913
设计,8685
为,8334
使用,8239
项目,7769
框架,7509
要求,7502
以上,7474
者,6736
科技,6579
了解,6504
良好,6440
编程,6382
python,6350
在,6282
互联网,6217
于,6130
提供,6075
云,6041
学习,5994
并,5969
业务,5966
或,5816
研发,5801
6,5797
运维,5606
对,5594
分析,5593
数据库,5337
熟练,5274
企业,5143
有限公司,5135
具有,5034
网络,4916
能,4856
优化,4751
岗位职责,4747
以上学历,4595
算法,4591
专业,4574
深圳,4495
中,4457
大,4455
沟通,4423
需求,4288
强,4281
代码,4241
中国,4241
掌握,4239
语言,4200
熟练掌握,4169
能够,4141
具备,4059
Linux,4002
基础,3956
本科,3929
任职,3869
常用,3832
),3705
金融,3661
如,3649
(,3607
精通,3560
进行,3516
计算,3477
架构,3458
较,3442
参与,3412
计算机,3400
爬虫,3364
7,3334
领域,3333
人工智能,3325
新,3304
实现,3301
编写,3275
文档,3249
维护,3140
后台,3113
应用,3089
解决方案,3087
工具,3039
合作,2998
致力于,2982
月,2947
自动化,2934
“,2917
用户,2881
行业,2871
成立,2866
软件,2847
岗位,2826
开源,2817
端,2813
问题,2807
腾讯,2772
性能,2761
全球,2740
至少,2710
以,2687
管理,2670
解决,2619
数据结构,2604
理解,2589
发展,2588
智能,2578
】,2561
【,2561
职位,2542
深圳市,2539
后,2537
高,2502
专注,2497
平安,2494
客户,2489
扎实,2461
”,2458
以及,2439
逻辑,2426
一家,2416
包括,2403
web,2390
好,2298
信息,2280
提升,2276
超过,2253
完成,2238
过,2230
运营,2205
创新,2199
集团,2193
原理,2179
;,2163
监控,2154
并发,2152
Django,2122
我们,2119
来自,2080
知识,2028
功能,2028
Web,2016
安全,2014
计算机相关,2011
领先,1994
编码,1994
KLOOK,1985
效率,1979
MySQL,1965
游戏,1938
常见,1931
分布式,1917
市场,1910
存储,1905
持续,1903
基本,1902
目前,1888
基于,1886
+,1874
质量,1866
测试,1855
核心,1828
:,1811
部署,1793
你,1793
主要,1789
独立,1765
责任心,1765
8,1763
由,1738
投资,1738
解决问题,1735
了,1733
职责,1726
多,1712
研究,1709
各种,1679
redis,1648
后端,1622
一种,1619
组件,1617
工程师,1600
意识,1590
拥有,1589
体验,1582
机器,1556
善于,1549
服务器,1538
协议,1535
会,1530
智能化,1512
创业,1510
或者,1501
根据,1495
快速,1484
协作,1483
精神,1475
深度,1471
深入,1469
让,1468
Flask,1414
linux,1410
创始人,1403
Mysql,1395
可,1392
实际,1382
环境,1380
个,1378
TCP,1375
将,1372
多线程,1362
处理,1341
协调,1325
Java,1323
描述,1309
较强,1305
C++,1292
QQ,1280
建设,1273
前,1269
mysql,1268
以下,1260
员工,1254
IT,1249
国家,1244
国际,1236
操作系统,1233
更,1232
模块,1220
习惯,1218
高效,1210
香港,1202
一定,1197
基础设施,1197
总部,1191
流程,1186
银行,1183
子公司,1165
上,1159
电商,1159
之一,1154
APP,1150
其中,1149
资格,1144
运用,1142
量化,1140
API,1139
下,1132
Redis,1131
交易,1129
规范,1127
优秀,1127
大型,1122
django,1118
线,1114
创立,1111
过程,1110
社交,1106
主流,1106
通过,1105
移动,1102
汇,1089
人,1085
虚拟化,1083
加,1078
一个,1077
美国,1075
丰富,1072
接口,1072
编程语言,1071
！,1071
模式,1071
C,1064
全资,1060
不,1055
脚本,1055
分布式系统,1048
前端,1048
成长,1046
／,1045
方面,1038
★,1034
世界,1034
热爱,1030
需要,1029
全日制,1025
*,1023
构建,1020
设计模式,1017
华为,1014
网站,1014
数据分析,1013
支撑,1006
国内,995
flask,994
架构设计,989
Tornado,984
2016,976
HTTP,965
中心,957
内,947
交付,946
高性能,942
AI,922
理念,917
资讯,917
敏捷,915
方向,913
\,911
打造,910
改进,909
国双,908
高质量,907
IP,905
mongodb,898
业界,897
Nginx,895
成为,892
一门,891
自己,881
挑战,877
不断,870
推动,867
000,864
协助,862
PostgreSQL,862
海量,861
股票代码,861
ERP,859
英文,853
也,852
从事,851
方案,850
福利,850
核心技术,846
稳定,845
先进,843
特性,842
自我,838
Unix,834
链,830
队列,829
旅游,829
通信,827
完善,827
网络安全,826
资源,824
分项,823
驱动,821
搭建,818
热情,816
小步,816
大规模,812
激情,811
最,810
信息技术,809
都,807
化,805
同时,804
Shell,802
数据处理,799
一起,798
未来,798
简称,797
多个,797
调优,795
服务端,795
整合,789
数字化,789
关系,787
中间件,787
出行,786
保证,784
东南亚,782
到,782
高科技,775
来,775
牧原,774
考虑,773
提高,772
均,772
10,772
有过,769
地,769
配置,765
微信,759
成功,757
内部,757
程序,753
前沿,752
策略,752
场景,751
经济,749
类,746
帮助,745
覆盖,741
内容,737
企业级,737
支持,737
复杂,735
风格,734
国际化,733
型,728
位于,728
对接,725
任务,722
前端开发,720
自主,718
tornado,717
作为,717
人员,715
可以,715
消息,711
自,710
喜欢,707
阅读,704
指导,704
主动,703
独特,702
旅行,702
270,702
目的地,702
其,701
最大,701
css,699
电子,698
战略,695
资产,693
氛围,690
专家,688
近,686
医疗,684
两年,684
抓取,683
2018,679
高级,676
基础知识,675
还有,675
其他,673
经理,671
共同,671
旗下,671
500,670
设有,670
js,669
健康,666
用,665
现有,664
思维,663
被,661
数字,660
服务商,659
获得,659
•,658
媒体,658
关注,651
技术难题,649
软,648
数学,648
责任感,646
抗压,646
产品开发,644
高新技术,642
所,641
容器,641
强烈,639
智慧,637
定位,636
依托,635
从,632
号,630
空间,630
网络科技,628
推出,622
进程,621
操作,617
数据挖掘,616
全新,614
舒适,613
思想,612
机制,612
海外,611
跟,611
攻关,610
专业本科,609
交通,609
交流,607
SQL,605
RESTful,605
决策,604
背景,604
20,603
—,602
属,600
富途,600
逻辑思维,599
英语,599
shell,596
多年,596
git,595
缓存,595
办公,594
多种,593
全面,592
Go,592
自身,592
命令,591
发现,587
集群,587
薪资,585
牌照,583
统招,582
当地,581
投资者,581
MongoDB,581
客路,581
种,581
日志,576
建立,573
北京,573
2014,571
集成,571
网络协议,570
积极,568
加入,568
众多,562
发布,562
充满,557
人才,556
资深,555
曾,555
关键,554
积累,550
100,544
时间,542
满足,542
咨询,541
Ansible,541
HTML,540
成本,540
devops,538
c++,538
1000,536
做,532
实施,531
日,529
库,529
运行,528
Socket,524
位,524
限于,524
调试,520
2011,519
综合,519
Git,519
招聘,519
使命,514
java,514
保障,512
深刻,511
异步,511
jquery,509
扁平化,509
商业银行,507
公司简介,506
结合,505
JavaScript,504
价值,502
html,502
成熟,501
成员,499
城市,497
稳定性,497
完整,494
栈,493
出海,493
抢占,493
先机,493
早,493
万,491
供应链,491
Docker,491
16,491
大学本科,488
股份,486
很,484
软件工程,483
开放,483
供应商,483
证券,482
9,482
http,479
金融服务,479
管理系统,478
品牌,477
深刻理解,477
兴趣,475
动力,475
博士,473
国内外,473
提供商,473
人性化,472
React,471
非,470
诱惑,470
结构,470
清晰,467
PHP,465
分,464
软件开发,464
成绩,463
调研,463
CD,463
CI,463
SmartX,462
上市,461
设立,460
顶级,460
采集,459
精准,459
服务提供商,458
驱动力,457
经历,457
985,454
金服,453
网页,453
博客,452
实时,451
物理,447
控股,446
百度,446
毕业,446
区块,445
线下,444
工程,444
电子商务,443
头条,442
越南,442
主力,442
小,441
商业,441
目标,440
诊断,440
看到,439
您,438
已,437
转型,437
联网,436
比例,435
文本,434
组成,434
如何,434
挖掘,433
药物,432
软通,432
反爬,430
接受,430
变得,429
活动,427
11,427
三大,427
www,427
前后,425
追求,422
搜索引擎,420
评估,420
对于,418
全,418
门,417
天天,417
优质,416
比如,414
足够,412
二次开发,410
人民币,409
整体,408
但,408
按时,408
且,408
模块化,407
便捷,407
高度,406
合伙人,406
短时间,405
50,405
NoSQL,404
上市公司,403
时,402
openstack,401
Oracle,401
栋,401
单元测试,400
芯,399
创新型,399
飞速发展,398
购物,398
HTML5,397
ICT,396
211,396
Javascript,396
生产,396
重点,394
让你在,394
那么,393
下午茶,393
谁,393
聚餐,393
制造,393
生活,392
知名,392
版本,391
实践,391
融资,391
政府,390
执行,389
投研,389
家装,389
30,386
把,386
聚集,383
手机,382
跨境,381
类库,380
必须,380
部分,379
》,377
《,377
定义,376
RabbitMQ,376
上海,376
分享,376
&,375
娱乐,375
运动,374
25,374
可用,373
属于,373
react,372
交易系统,371
零售,371
UDP,370
GitHub,370
各类,369
端的,369
最佳,369
工作效率,369
进入,369
港股,369
第一,368
AWS,368
Kubernetes,367
Vue,367
南山区,367
实践经验,366
核心成员,365
上线,365
对外,365
底层,364
自动,362
机器人,361
配合,360
灵活,360
认知,360
自学能力,360
最前沿,360
音乐,360
开发技术,360
利用,360
大牛,359
相应,358
故障,358
产业,358
保持,358
安天,357
公有,357
引领,356
软件产品,356
期权,356
IO,356
改变,356
地区,355
1998,354
多元化,354
平,354
许晨晔,354
马化腾,354
计算机系统,354
WeChat,354
陈一丹,354
五位,354
张志东,354
网络平台,354
推进,354
李青,354
最多,354
输出,353
bootstrap,353
GSUM,352
2015,352
Nasdaq,352
一点,351
一日游,351
还要,351
WiFi,351
每个,351
传奇,351
预订,351
伙伴,351
很快,351
景点,351
Homie,351
KLOO,351
更加,351
门票,351
占领,351
必吃,351
之,351
胖,351
余,351
大家,351
优先级,351
美食,351
三斤,351
男女,351
地球,351
同富游,351
并且,351
以来,351
周周,351
梦,351
高颜值,351
踏遍,351
足迹,351
不是,351
2000,349
突出,349
经营,349
WEB,349
撰写,348
观麦,348
方法,347
运营商,346
各,346
拿到,346
使,345
基地,345
销售,344
scrapy,344
围绕,344
金融界,342
土巴兔,342
创造,342
总裁,341
车,341
书写,340
SaaS,340
我,340
贡献,338
产业基地,337
难点,337
!,336
NLP,333
社会,333
讨论,333
规模,331
及时,330
地址,330
一款,330
简介,330
SAP,330
,330
识别,330
kafka,330
长期,329
物流,327
程序开发,327
胜,327
洞察,327
迅速,326
结构化,325
传统,325
风险,324
主动性,324
公共,324
pandas,323
Google,323
落地,321
条件,321
长园,321
所有,319
A,319
内核,319
初创,317
一年,317
年轻,317
控,316
聚会,316
聚焦,315
脚本语言,315
有效,314
Golang,314
模型,313
精英,312
2019,312
规划,312
技术支持,311
充分,311
提出,310
奖,310
本科学历,308
搜索,308
带领,308
坚持,308
名称,307
辅助,307
CS,307
两个,306
印刷,306
memcache,306
一流,306
出身,306
妙,306
印云,306
系列产品,305
市场占有率,305
05,305
魔力,305
信服,305
金,305
深,305
象限,305
年初,305
于云,305
正,305
入围,305
gartner,305
影像,304
任务调度,304
源码,302
CSS,302
标准,302
清洗,301
反,301
即,301
ElasticSearch,301
旨在,300
计算机网络,299
日常,298
微软,298
贡献者,298
压力,298
家,298
任意,297
超级,297
爬取,297
深圳湾,297
2017,297
定制,296
更好,296
评审,296
尝试,295
手段,295
欣旺达,294
写,294
推荐,293
中文,292
人们,291
抽取,291
拓展,290
硕士,290
竞争力,290
拍照,290
统一,289
欲望,289
开展,288
拆分,288
一站式,287
实验室,285
愿景,285
安排,284
CRM,283
自然语言,282
分析师,281
消费,280
阿里,280
境外,280
香港科技大学,279
请,279
牛人,279
收集,278
配送,278
股份制,278
python3,278
restful,278
重构,277
安全性,277
金融机构,276
医院,275
可视化,275
达,273
强大,273
人士,273
乐观,272
东北,272
思路,272
实干,272
net,272
个人,272
宝安区,272
目,272
信用卡,272
迅雷,272
讲求,272
网址,272
108,272
独门,272
区,272
xbonline,272
sql,271
文化,271
方案设计,270
基金,270
国家级,270
特点,269
90,269
主板,269
硬件,269
得到,269
年底,268
建模,268
做过,268
及其,268
第三方,268
优异,268
好学,268
MVC,267
欢迎,266
最优,266
numpy,266
进步,266
寻求,266
Saltstack,265
爬,265
部,265
连接,264
福利待遇,263
理工科,263
简洁,263
亿,263
环保,262
至优,262
约会,262
Jenkins,262
租赁,262
电动汽车,262
汽车,262
通勤,262
Selenium,262
短途旅行,262
共享,262
ZeroCar,262
排查,262
都市,262
新能源,262
例如,262
千万,261
社区,261
结果,259
主导,259
码隆,259
风景优美,258
对内,258
三湘,258
蓝图,258
以智造,258
毗邻,258
便利,258
遗传疾病,258
权威认证,258
封装,258
孵化器,258
企业简介,258
002714,258
海尚,258
公园,258
农产品,257
服务器端,256
按照,256
向,256
控制,256
在线,256
Hadoop,255
app,255
索引,255
程度,255
celery,255
可靠,255
如果,254
mongoDB,254
约,254
方式,254
选型,253
验证码,253
创新能力,253
财经,252
解析,252
发行,251
它,250
三位,250
战吼,250
互动,249
医学,249
三年,248
系统集成,248
流量,248
开始,247
美好,246
亚马逊,246
图谱,246
体系,245
懂,245
海内外,245
2012,243
友好,242
得,242
顾问,242
重塑,242
学霸,242
数名,242
艰深,242
学者,242
介绍,242
触手,242
注册,242
神经网络,241
预研,241
概要,240
爱财,240
联合,239
技能,239
遇到,239
防护,238
分支机构,238
C语言,238
调度,238
github,237
A轮,237
分子,237
实力,236
升级,236
生物,236
调用,236
推广,236
优势,235
竞赛,234
KVM,234
负责管理,233
定位问题,233
Http,233
表达能力,233
分层,233
2001,233
Affiliate,233
一,232
18,231
风暴,231
外,231
宿务,230
新加坡,230
吉隆坡,230
孟买,230
余种,230
雅加达,230
马尼拉,230
曼谷,230
阿姆斯特丹,230
首尔,230
胡志明市,230
台北,230
迪拜,230
nosql,230
办公室,230
东京,230
名,230
货币,230
探寻,230
计划,228
k8s,228
参与者,228
统计,228
合伙,228
范围,228
关联性,227
多维度,227
独有,227
Gri,227
洞悉,227
最新,227
间,227
◆,227
广告,227
国双大,227
作出,227
以利,227
分离,227
丰厚,225
这里,225
已有,225
处于,225
系统性,225
解释,225
功能模块,224
真正,224
Node,224
万亿,223
包,223
Restful,222
带来,222
财务,222
类抖音,221
大部分,221
矩阵,221
互金,221
不菲,221
小说,221
漫画,221
一千多万,221
两百万,221
编写程序,221
列,221
授权,221
版权,221
TOP1,221
日活,221
二次元,221
dicom,220
悦动圈,220
思考,219
项目管理,219
webmagic,219
初级,219
首家,218
视觉,218
使用率,217
计算机科学,217
有云,217
DBA,217
Fiddler,217
美国硅谷,217
iaas,217
发掘,217
承担,217
Charles,217
资源管理,217
系统日志,217
技术手段,217
Wireshark,217
owner,217
华富,216
凭借,216
洋,216
具体,216
Celery,215
激励,214
薪酬,214
spider,214
获取,214
·,214
面向对象编程,213
详细,213
docker,213
电子化,213
筐,213
米,213
函数,213
一金,211
抽象,211
青牛,210
新译,210
第,210
资金,210
对公,209
就,209
微,209
亦可,209
Scrapy,208
bash,208
曾任,207
已经,207
影响力,206
勇于,206
为人正直,206
业务流程,206
领导力,206
虚拟,204
加分,204
EcoPRINT,204
若干,204
给,204
贝塔,204
降低,203
房地产,203
Spark,202
顶尖,202
软件测试,202
12,201
外部,201
年轻人,201
立足,201
消费者,201
挑战性,201
培训,201
更新,201
NodeJS,200
告警,200
经过,200
易懂,199
期待,198
可能,198
根源,197
ORM,197
改善,197
合理,196
折腾,196
公众,196
文献,196
二年,196
本,196
300207,196
api,196
案例,195
Apache,195
知识产权,194
赋能,194
取,193
基本原理,193
协同工作,193
入职,193
累计,192
承受,191
部门,191
仓储,191
专利技术,190
区域,190
电力,189
智通,189
业内,189
坚实,189
Android,189
表达,188
终端,188
突破,188
懂得,187
小伙伴,187
明星,186
大型项目,186
多人,186
29,186
待遇,185
业务人员,185
mongo,185
设,185
符合,184
调整,184
临床,184
坚果,184
金融市场,184
余人,184
激光,184
面向,184
电视,184
求知欲,183
rabbitmq,183
二十年,182
想,182
意见,182
OpenStack,182
行者,181
机构,181
紧密配合,181
CMDB,181
不同,181
踏实,180
美股,180
研究所,180
xpath,180
加班,180
分期,180
券商,180
负责人,179
Ruby,179
总结,178
tensorflow,178
广州,178
全栈,178
亿元,178
自由,177
测试工具,177
活力,176
大陆,176
常用命令,176
15,176
8000,176
及运维,176
学士,175
式,175
硅谷,175
语义,175
极强,174
高盛,174
电信,174
matplotlib,174
高校,174
获取信息,173
随着,173
达到,173
专科,172
NET,172
原则,172
找到,172
求,172
实例,172
功底,172
语法,171
集,171
元器件,171
日均,171
毕业生,171
创始,171
简历,171
vue,171
硬性,170
左右,170
求知,170
股权,170
水平,170
著名,170
更佳,169
socket,169
视频,169
云端,168
上进心,168
高大,168
大专,168
Appium,168
离线,168
弹性,168
Server,167
去,167
视野,167
先后,167
这是,166
深厚,166
年终奖,166
ris,165
快,165
一位,165
视见,165
保险公司,165
现场,165
pacs,165
应届生,165
能为,165
再造,165
医学影像,165
独自,165
垂直,165
Internet,165
风控,165
日语,165
管理者,165
注释,165
BPR,165
二,164
杉岩,164
五年,164
将会,163
积极主动,163
精益求精,163
SDK,162
二本,162
数据系统,162
echart,162
当今,162
面对,162
综合性,162
开,162
uWSGI,162
工程化,162
00354,162
ajax,162
32,162
极具,162
O2O,162
工业,162
达观,162
对应,162
分类,161
用过,161
开发新,161
海,161
对象,161
聚类,161
玩游戏,161
迭代,161
构成,161
嗅探,161
spark,160
机会,160
创建,160
万家,160
有大,160
进取心,160
新兴,160
Hive,159
php,159
网,159
屏蔽,159
出差,159
规则,159
灾备,159
防,159
标准化,158
应对,158
采用,157
C#,157
级,156
营造,156
系统工程,155
com,155
感,155
注册资本,154
巨大,154
万人,154
检测,154
lxml,154
．,153
加州,153
出现,153
制定,153
感知,152
能源,152
通用,151
高管,151
保护,151
中兴通讯,150
应用软件,150
易,149
较为,149
双薪,148
业,148
全称,148
修改,148
极客,147
Windows,147
JS,147
轮,147
事件驱动,147
原创,147
人数,146
千万级,146
诞生,146
报警,146
萨摩耶,146
拆,146
系统优化,146
分成,146
强有力,145
技术咨询,145
面向对象,145
完全,145
确立,145
Ubuntu,145
精,145
技术开发,145
银科,145
程序设计,145
立足于,145
全球化,145
脉图,144
使能者,144
17,144
diango,144
重用,144
交接,144
乐于,144
总数,144
50000,144
特殊,144
36,144
淘乐,144
余个,144
APScheduler,144
驾驶,144
定时,144
私有,144
清华,144
排名,143
新一代,143
文字,143
Storm,142
数据仓库,142
本质,142
拘泥于,142
日常生活,142
前沿技术,141
乐易,141
Service,141
零食,141
生态,141
大量,141
投向,140
然而,140
眼光,140
崛起,140
当,140
这,140
NASDAQ,140
窘境,140
越来越,140
证券市场,140
紧密,140
缺陷,140
抓狂,140
许多,140
上升,140
开发进度,140
他们,139
鲜食,139
攻坚,139
有力,139
起源于,139
跨,139
想要,139
全国性,139
深耕,139
材,139
商,139
首获,139
面向全国,139
创意,139
食材,139
平安保险,139
从业者,139
生,139
阿里巴巴,139
安克,138
充电,138
」,138
北京大学,138
引进,138
态度,138
「,138
沟通交流,138
依据,137
独家,137
五百强,137
融合,137
dubbo,137
亿美元,136
同事,136
福田,136
唯一,136
全年,136
天,136
整理,136
交易量,136
~,136
两种,135
接触,135
py,135
选择,134
创景,134
maven,134
绩效奖金,134
这个,134
层,134
说明,134
全国,134
c,133
带,133
很强,133
Qualifications,132
控系统,132
稳健,132
构筑,132
股票,132
异常,132
使能,132
独角兽,132
联接,132
红包,132
风,132
6M,131
勤奋,131
资本,131
秉承,131
茂源,131
凡二,131
易用,131
P1061840,131
公司概况,131
2007,131
私募,131
累积,131
技术创新,130
云鲸,130
ES6,130
东莞,130
后期,130
梦想,130
开创,130
数据管理,129
认证,129
卫健委,129
1901,129
OOP,129
CLIA,129
匹兹堡,129
基本功,129
多元,129
公司地址,129
遗传,129
Iaas,129
奖励,129
检验,129
宝能,129
头脑,129
多态,129
主管,129
资质,129
CAP,129
Postgre,129
锦上添花,129
2005,129
龙华区,129
公司总部,129
ABMGG,129
速强,129
单位,129
金融保险,129
B座,129
每年,129
GC,129
Paas,129
涵盖,129
协会会员,129
科技园,129
批准,129
Aegis,129
继承,129
顶,129
安吉,129
妇幼保健,129
康尔,129
纽带,129
起步,128
扩展性,128
海归,128
两大,128
杭州,127
跨国公司,127
浓厚,127
简单,127
设在,127
体检,127
星商,127
青岛,127
数据源,127
另,127
系留,127
一同,127
mongod,127
地设,127
美,127
攻破,127
搜罗,127
涉及,127
烟台,127
SAAS,127
义乌,127
想法,127
疑难问题,127
针对,126
挂牌,126
SQLAlchemy,126
BAT,126
国人,126
2.5,126
没有,126
商务,125
产品部,125
赴美,125
仰望,125
知行,125
脚踏实地,125
IAAS,125
解包,125
已于,125
特质,125
一般,125
不靠,125
所谓,125
一批,125
排序,125
希望,125
...,125
玩家,125
软硬件,125
营销,125
忽略,125
学都,125
英语口语,125
达克,125
文件系统,125
网络营销,125
最后,125
狮们,125
密码,125
总和,125
汽车行业,125
不要,125
天使,125
攻城,125
谱,125
登陆,125
事物,125
IOS,125
如同,125
爱因斯坦,125
这些,125
才华,125
打包,125
S,125
月份,125
舆情,125
即时通讯,125
掉,125
星空,125
越加,125
勤奋好学,125
刚刚,125
生来,125
达斯,125
起来,125
和践,124
雷赛,124
扫描,124
倡导者,124
严谨,124
人群,124
通讯,124
webpack,124
渲染,124
孵化,124
计算机领域,123
落实,123
最高奖,123
Neo4j,123
图,123
此类,123
Sqlalchemy,123
flow,123
生产力,123
远程,123
zabbix,122
把握,122
三,122
汇将,121
同等,121
英语水平,121
立足点,121
需,121
机械,121
六级,121
公平,121
不再,121
劳动,121
学位,121
10%,121
年级,121
汇以,121
为准,121
岁,121
洁癖,121
非标准,121
勤学好问,121
风险投资,121
理工类,121
全世界,121
大学,121
繁杂,121
聪明人,121
成绩单,121
27,121
清楚,121
完美,121
解放出来,121
数据中心,120
先锋,120
制度,120
存在,120
获,120
实战,119
愿意,119
elk,119
研究性,119
运作,119
端点,119
hadoop,119
安之天,119
五险,119
nsq,119
威胁,119
防御能力,119
设备,119
致力,119
态势,119
专业化,119
遵循,119
couchdb,119
JAVA,119
边界,119
导流,119
为安天,119
监测,119
activemq,119
应急,119
痛点,119
体系化,119
捕获,119
处置,119
国家队,119
golang,118
方及,118
前海,118
书面,118
Flink,118
存储系统,118
合作方,118
手游,118
Partnership,118
JSON,118
农交所,118
XML,118
最早,118
正则表达式,117
Kafka,117
钻研,117
软件系统,117
SVM,116
图像识别,116
计算机专业,116
scipy,116
占,116
带队,116
分词,116
公开,116
情感,116
主题,116
随机,116
聚类分析,116
RNN,116
总监,116
网页内容,116
汇丰银行,116
KNN,116
70%,116
requests,116
像素,116
瑞信,116
主,116
特定,116
模式匹配,116
对话,116
比,116
森林,116
瑞银,116
设计规范,116
CNN,116
数据业务,116
享誉,116
OPPO,116
技术人员,116
为主,115
病毒,115
更强,115
激战,115
一群,115
高级别,115
博奕,115
最有,115
炫,115
他人,115
神秘,115
对抗,115
一场,115
最酷,115
钱,115
景,115
黑客,115
演进,114
装修网,114
javascript,114
居住,114
平米,114
sdk,114
长,114
版本控制,114
分销,114
28K,114
讯,114
B2B,114
类别,114
理论,114
2008,114
价值链,114
python2,114
彬,114
整个,113
独挡,113
命令行,113
四级,113
一面,113
注重,113
商品,111
2020,111
sqlalchemy,111
RPC,111
一体化,111
清华大学,111
JQuery,111
归纳,110
dcmtk,110
测试代码,110
关系数据库,110
香港中文大学,110
至上,110
教授,110
信息化,110
经,109
院校,109
为币,109
构架,109
外脑,109
密切合作,109
与币,109
计算机技术,109
三分之二,109
在技术上,109
在币,109
扩展,109
前瞻性,109
技术顾问,109
币胜,109
得益于,109
RPA,108
正式,108
思维能力,108
网络游戏,108
XtalPi,108
晶泰,108
动力学,108
成功率,108
名校,108
量子化学,108
全奖,108
晶体,108
显著,108
药企,108
患者,108
云上,108
世界领先,108
从而,108
跨学科,108
精确,108
冠军,108
关键环节,108
最终,108
#,108
400,108
正确,107
要,107
600525,107
SH,107
发展趋势,107
继电保护,107
变电站,107
指标,107
南瑞,107
深瑞,107
深瑞继保,107
红利,107
元件,107
正在,107
1994,107
电力部,107
原名,107
综,107
三板,106
出资,106
颇具,106
CEO,106
跨进,106
满,106
细节,106
扁平,106
两家,106
不仅仅,106
宇图,106
贡献奖,106
组建,106
注入,106
互联网服务,105
Angular,105
CO,105
当前,105
配套,105
INFORMATION,105
JING,105
LTD,105
现,105
BEI,105
NEW,105
REST,105
TECHNOLOGY,105
Memcached,105
TRANX,105
NewTranx,105
机器翻译,105
数据模型,105
译,105
阶段,104
元老级,104
到来,104
编译器,104
方法论,104
PaaS,104
八年,104
源伞,104
易用性,104
免费,104
充裕,104
看,104
高速,104
富有,104
账号,104
策划,103
共进退,103
重视,103
互相帮助,103
一对一,103
领导,103
经验丰富,103
每,103
同步,103
聚合,103
WAF,103
unix,103
助力,102
出,102
代码优化,102
子系统,102
重要,102
知识库,102
台,102
攻防,102
作业,102
上千,102
走,102
跨国企业,102
图文,102
150,102
潮流,102
语言表达,102
印刷业,102
ECShop,102
POC,102
自愈,102
对后,102
收敛,102
做事,101
应届,101
Hbase,101
擅长,101
经典,101
电脑,101
51.2335,100
誉为,100
找,100
志同道合,100
3.248,100
年末,100
更是,100
黄埔军校,100
金融公司,100
SRE,100
总额,100
里,99
国外,99
查询,99
用法,99
Tcp,99
确保,99
只要,99
Ip,99
牛,99
有用,99
除,98
体系结构,98
1997,98
附上,98
技术细节,98
据,98
HR,98
记录,98
任务分配,98
Sunwoda,98
说明书,98
创业板,98
_,98
信号,98
A股,98
锂,98
技术型,97
赚钱,97
分发,97
着眼于,97
工程项目,97
极简,97
一套,97
点对点,97
存储技术,97
Python3,97
遍布全国,97
kubernetes,96
磨具,96
即可,96
每天,95
该,95
理解能力,95
逻辑性,95
MS,94
加班费,94
手机游戏,94
JVM,94
可谈,94
的话,94
▶,94
广田,94
做好,94
类产品,94
限,94
之前,94
集合,94
关于,94
◀,94
万元,94
计算机软件,94
OK,94
双倍,94
SERVER,94
两次,94
精品,94
时尚,93
耐心,93
难题,93
顺应,92
投影仪,92
微型,92
火乐,92
媒体报道,92
nutch,92
领袖,92
品类,92
知道,92
六险,92
物,92
MYSQL,92
ld,92
支持系统,92
软件设计,92
人类,92
bug,92
Jmgo,92
D,92
heritrix,92
时代,91
研究院,91
中科院,91
探索,90
极致,90
BI,90
组合,90
CentOS,90
研究生,90
港,89
图片,89
假,89
带薪,89
面试,89
浪潮,89
科大,89
BIDU,88
中关村,88
中文网站,88
1999,88
毅然,88
Torch,88
rdqu,88
纳斯达克,88
发展潜力,88
携,88
其余,88
辞掉,88
系,88
他,88
李彦宏,88
身在,88
抱,88
还,88
高薪,88
着,88
选择器,87
水果,87
个性化,87
一些,87
引擎,87
封顶,86
拥抱,86
底座,86
？,86
黑,86
软硬,86
最高,86
其它,86
包转发,86
吞吐,86
C3ne,86
最好,86
地产,86
考试,86
下一代,86
月薪,86
表现,86
有所,86
当然,86
明源云,86
sklearn,86
不行,86
C3,86
入门,86
爆款,86
首款,86
超智,86
80k,86
亚洲,85
休假,84
CTO,84
Tensorflow,84
智胜,84
产假,84
Bootstrap,84
特别,84
极大,83
ganglia,83
产出,83
一次,83
绝对,83
定期,83
Cache,82
业务水平,82
SVN,82
＋,82
强化,82
教育,82
班底,82
军工,82
Systemd,82
敏感,82
奖金,82
法定,82
等子,82
Parted,82
近百家,82
Tornodo,82
动态,82
法,82
十多个,82
流,82
LVM,82
TensorFlow,81
认识,81
管理工具,80
适应能力,80
融易云,80
网络通信,80
原,80
支付,80
吃,80
新人,80
直销,80
周期,80
修复,80
至今,79
2006,79
组织,79
合作伙伴,78
园区,78
链接,76
中高级,76
Electron,75
STL,75
Tomcat,75
按,75
下列,75
则,75
金融类,75
导向,75
Native,75
MyBatis,75
Spring,75
真实,74
英美,74
Open,74
商品交易,74
协程,74
PDM,74
国际贸易,74
证券交易,74
1.2,74
百倍,74
MES,74
率先,74
framework,74
由于,74
odoo,74
量基,74
论坛,74
后续,74
制造业,74
rest,74
可控,74
Technologies,74
必要条件,74
Malong,74
兼,74
入选,74
jekins,73
效能,73
注册地,73
cd,73
spring,73
浓厚兴趣,73
内有,73
springmvc,73
温暖,73
2.3,73
重点项目,73
新型,73
review,73
成都,73
酌情,73
两者,73
突出表现,73
单会,73
复制,73
mybatis,73
教,73
ci,73
分别,73
过往,73
改造,73
实行,73
更普惠,73
FinTech,73
角色,73
双,73
建议,73
尤其,73
a,72
十几项,72
客户端,72
行走,72
有加,72
2009,72
筛查,72
再,72
性,72
癌症,72
Mobility,72
组学,72
绩效,72
快乐,72
代谢,72
高新,72
流利,72
在线音乐,72
as,72
MaaS,72
著作权,72
商业化,72
应用程序,72
外资,72
硕士学位,72
赋予,72
pyspider,72
L4,72
Xpath,72
Rails,72
听说读写,72
合资企业,72
室内外,72
caffe,72
ARRIVE,72
芯片,72
早期,72
DB,72
3.2,72
导航,72
页,71
金融业务,71
划分,71
带过,71
业绩,71
请求,71
改,71
可扩展性,71
归因,71
端游,71
校验,71
游,71
生产流程,71
实盘,71
中贴,70
必备,70
TDD,70
信息管理,70
速递,70
规律,70
＆,70
适当,70
足球赛事,70
FastCGI,70
电子商务系统,70
偏向,70
CGI,70
足球,70
ODOO,70
快递,70
逆向,70
较大,70
开发者,70
放宽,70
NoSql,70
认同,70
WSGI,70
成,70
DevOps,69
副总裁,69
',69
Award,69
伦敦,69
消息中间件,69
Dell,69
塑造,69
beego,69
智造,69
东平,69
阳,69
计算机系,69
魅力,69
相继,69
商学院,69
Roav,69
拓宽,69
天津大学,69
s,69
写码,69
不断创新,69
进一步,69
Eufy,69
由阳萌,69
Nebula,69
总经理,69
解读,69
细心,69
Austin,69
Founder,69
UT,69
在实践中,69
高韬,69
弘扬,69
Anker,69
萌,69
之美,69
某个,69
中兴,69
Jscript,69
赵,69
Zolo,69
AKULAKU,68
Akulaku,68
其次,68
三个,68
最快,68
关键问题,68
注意,68
转化,68
金额,68
akulaku2017,68
万笔,68
统计学,68
用力,68
限制,68
敬业精神,68
时刻,68
速度,68
级别,68
破,68
优渥,68
东南亚地区,68
未,68
Reactjs,67
活跃,67
PYTHON,67
信息系统,67
竞技,67
迅威,67
GCP,67
解密,67
转化成,67
设计者,67
系统安全,67
执行力,67
产品质量,67
头程,67
ali,67
读写,67
angularjs,67
Express,67
然间,67
软件架构,67
Sass,67
ES7,67
程派,67
亿龙达,67
渠道,67
休闲,67
送及,67
vuejs,67
加密,67
权限,67
Koa,67
google,67
比较,67
转换成,67
熟习,67
沉淀,67
轮换,67
仓,67
周期性,67
尾,67
诱饵,66
不仅,66
包含,66
完备,66
撬动,66
捡钱,66
zhihu,66
知乎,66
轻,66
因,66
Prefered,66
认真负责,66
系统监控,66
org,66
Minimum,66
质量标准,66
x86,66
单调无味,66
超,66
极高,66
https,66
干净,66
Touch,66
健壮,66
刺激,66
Zero,66
Responsibilities,66
关联,66
缩容,66
专栏,66
导致,66
走路,66
smartx,66
什么,66
服务公司,66
activities,66
接口定义,66
难以,66
过于,66
太大而,66
商家,66
有着,66
扩容,66
上海交通大学,65
移动机器人,65
探讨,65
华中科技大学,65
华南理工大学,65
遗传病,65
东南大学,65
NumPy,65
生活品质,65
松山,65
产品设计,65
论文,65
层及,65
SciPy,65
湖畔,65
learn,65
东北大学,65
动手,65
余位,65
80,65
scikit,65
实际上,65
既有,65
控股集团,64
分表,64
兼顾,64
数据库系统,64
由鼎丰,64
技巧,64
伸缩性,64
es,64
讯通,64
准确,64
Ios,64
定为,64
确定,64
十五年,64
扫除,64
指标体系,64
战略性,64
信贷,64
可用性,64
2013,64
分库,64
信托,64
元,64
信贷管理,64
zookeeper,64
汇聚,64
估价,64
和表,64
房,64
鼎丰,64
AntD,64
结构设计,64
花信,64
桥梁,63
世纪,63
财经网,63
新浪网,63
Bash,63
报道,63
编辑,63
岗,63
重,63
Stack,63
杂志,63
证券报,63
ReactJS,63
力求,63
在校学生,63
AngularJS,63
优缺点,63
在校生,63
在读,63
会员单位,63
CSS3,63
40,63
服务平台,63
Wind,63
发起,63
VueJS,63
采编,63
实习,63
多种不同,63
行业协会,63
2021,63
交易中心,63
坐落于,63
门户,63
拟,63
Full,63
证券时报,63
办公区,63
21,63
门户网站,62
协会,62
客户资源,62
开启,62
二期,62
系统软件,62
商会,62
全力,62
精心设计,62
商企,62
跨平台,62
单,62
老师,62
寻找,62
Photon,62
流畅,62
Cassandra,61
space,61
network,61
wireshark,61
Makefile,61
cache,61
i,61
写作,61
switch,61
context,61
tcpdump,61
加密算法,61
汇编语言,61
OSI,61
BSD,61
DMA,61
Postgres,61
小型,61
scheduler,61
TLB,61
创新者,61
重点高校,61
ELF,61
组装,61
layer,61
model,61
paging,61
基本概念,61
initfs,61
driver,61
lsof,61
大会,61
address,61
口语,61
demand,61
ARP,61
device,61
pylint,60
清洁,60
XPath,60
极度,60
合并,60
能用,60
DOM,60
诸如,60
rpc,60
高标准,60
审阅,60
protobuf,60
grpc,60
autopep8,60
资金流,59
SaltStack,59
优创性,59
54,59
产地,59
流通,59
一支,59
码农,59
精耕,59
网上交易,59
正版,59
VUE,59
Mongodb,59
批发市场,59
pycharm,59
上下游,59
airflow,59
6.211,59
goland,59
商流,59
本科毕业,59
情怀,59
逼,59
信息流,59
X86,59
集团股份,59
母公司,59
UI,59
000061,59
IDEA,59
餐桌,59
环节,59
十年,58
奉献,58
体,58
pybind11,58
衍生品,58
模板,58
package,58
先生,58
混合,58
董事,58
超清,58
章友,58
RDS,58
画质,58
SLB,58
高频,58
摄像头,58
以上者,58
常用工具,58
具体任务,58
机等,58
自拍,58
分解,58
CDN,58
衍盛,58
根因,58
1600,58
若,58
堡垒,58
出色,58
websocket,58
功能测试,58
cython,58
讲演,58
旋转,58
容量,58
回测,58
美颜,58
好奇心,58
电动,58
首个,58
前置,58
创造性地,58
首发,58
1041,57
牛泽华,57
参加,57
因为,57
本土化,57
四射,57
250,57
四,57
语句,57
l,57
0523,57
继,57
深港,57
面积,57
DT,57
菁英,57
践,57
供货,57
万多家,57
135,57
分机,57
angular,57
万次,57
OpenERP,57
才,57
缺陷率,57
国产化,57
PEP8,57
联系人,57
4500,57
8719,57
nodejs,57
楷模,57
电话,57
c#,57
邮箱,57
10K,57
手册,57
明确,57
2888,57
MongoDb,57
按质,57
项,57
前辈,57
订货,57
大力发展,57
百万条,57
绵阳,57
太平,57
新增,57
jinja2,57
Reactor,57
22K,57
订购,57
中级,57
ace,57
详尽,57
有心,57
立志,57
亿万,57
本土,57
请命,57
绝学,57
功能强大,57
用心,57
立芯,57
760,57
同号,57
资,57
那群人,56
1100,56
洋溢,56
某些,56
全方位,56
随时,56
敢,56
心态,56
大佬,56
萌妹,56
绝对优势,56
商户,56
灵魂,56
座,56
死板,56
线上,56
前面,56
层级,56
青春,56
超能,56
贴心,56
金贝奖,56
融入,56
tonado,56
各路,56
覆盖全国,56
纸,56
普惠,56
齐聚一堂,56
网络资源,56
清新,56
措施,56
值,56
男,56
保质保量,56
和蔼可亲,56
荣获,56
风趣,56
mongdb,56
进度,56
限定,56
阳光,56
上级,56
己任,56
200,56
轻松,56
幽默,56
放射科,55
汇总,55
斩获,55
手动,55
下载,55
澳洲,55
宝,55
组织学,55
大方向,55
港大,55
放疗,55
上交,55
系统维护,55
减少,55
传输,55
云运维,55
统计分析,55
放射,55
36krNext,55
大奖,55
悦动,55
细胞学,55
靶区,55
交互,55
至,55
指令,55
图像,55
病理,55
入股,55
国立,55
pytest,55
北航,55
人际交往,55
新锐,55
pep8,55
优秀人才,55
反馈,55
小米,55
学府,55
运维及,55
NOSQL,55
腾飞,55
链路,55
勾勒,55
天下,55
熊掌,55
一直,54
Hackathon,54
@,54
产学研,54
背后,54
细致,54
心理准备,54
新思维,54
ORACLE,54
固定,54
会忙,54
分公司,54
只有,54
收益,54
hopesea,54
热衷于,54
超级计算机,54
SQLSERVER,54
不定期,54
三十大,54
除了,54
EMI,54
提成,54
数不尽,54
局,54
大赛,54
吴文俊,54
午餐,54
自然科学,54
十几篇,54
历程,54
面议,54
替换成,54
cc,54
ocr,54
期刊,54
文章,54
NASA,54
不会,54
规范化,54
青年,54
转,54
保送,54
当年,54
操作命令,54
朋友,54
微埃,54
意愿,54
Odoo,54
伯克利,54
会累,54
长达,54
DB2,54
宗旨,54
E,54
mail,54
bubble,54
干扰,54
Orcale,54
ACM,54
劳伦斯,54
良好习惯,54
aiator,54
刚,54
资助,54
CIKM,54
OCR,54
wang,54
广东,54
总冠军,54
陪伴,53
以质,53
值得,53
lua,53
jsoup,53
XPATH,53
selenium,53
点加分,53
信赖,53
eBay,53
IBM,53
Jsoup,53
满满,53
Amazon,53
memcached,53
绛,53
流行,53
AJAX,53
取胜,53
多家,53
以信,53
加固,52
make,52
Memcache,52
分布式服务,52
帐号,52
QT,52
产品线,52
玩转,52
安全监控,52
Api,52
编译,52
系统升级,52
灵活运用,52
构造,52
几种,52
产品安全,52
cmake,52
静态,52
喜爱,52
生态环境,52
基本技能,52
嘉实,51
北上,51
Mo,51
Smart,51
聪明,51
权威,51
扫描器,51
Beta,51
版,51
资管,51
先行者,51
蚂蚁,51
选股,51
9500,51
神器,51
广深,51
上班,51
云集,51
称为,51
白领,51
亿资管,51
细化,50
安装,50
朝气,49
信心,49
程序代码,49
服务器程序,49
Sever,49
elasticsearch,48
现并,48
切割片,48
需求量,48
40ZB,48
附,48
年产值,48
无纺布,48
砂布,48
照明,48
量,48
B轮,48
万行,48
加解密,48
西顿,48
所属,48
USP,48
SVNNginx,48
百,48
通信协议,48
砂纸,48
主营,48
激增,48
商用,48
涂,48
叶片,48
情况,48
asyncio,48
供电局,48
14,48
SDS,48
广发,48
砂带,48
前景,48
MOS,48
代替,47
导师,47
助,47
报表,47
人工,47
100%,47
借助,47
屡创,47
精装修,47
已获,47
增强,47
施工,47
世界级,47
佳绩,47
供应,47
制作,47
高达,47
盈利,47
年度,47
苛刻,47
病假,47
团建,47
VR,47
所见即,47
技术骨干,47
京东,47
gunicorn,47
诚邀,47
每月,47
第一年,47
虚拟现实,47
Facebook,47
住宅,47
导师制,47
首,47
增长,47
ETL,47
无限量,47
事假,47
preferred,47
估值,47
追踪,47
所得,47
骨干,47
天年,47
B,47
两百人,47
年终,47
test,47
营收,47
现代,47
调薪,47
年前,46
talk,46
长远,46
同学,46
相信,46
演说家,46
can,46
Ajax,46
访问,46
适应,46
change,46
声音,46
信奉,46
写过,46
the,46
现状,46
职业道德,46
Liunx,46
One,46
教练,46
接力,46
world,46
传递,46
技术指标,46
创新力,46
力量,46
路上,46
职业,46
促进,45
SETs,45
概述,45
go,45
saltstack,45
科学计算,45
化地,45
图像处理,45
方,45
保障系统,45
PIL,45
钱包,45
读写能力,45
可行,45
知晓,45
释放,45
应用服务,45
pytorch,44
新潮,44
国家专利,44
powershell,44
计数器,44
open,44
各个,44
bat,44
科迈,44
干着,44
正常,44
PyTorch,44
Directory,44
未知,44
SHELL,44
SceneTouch,44
更前,44
SNMP,44
爱康,44
形成,44
池,44
nigios,44
事,44
®,44
torch,44
公共数据,44
机房,44
Active,44
何方神圣,44
K8S,44
tsdb,44
WMI,44
无论是,43
学不完,43
起,43
成交额,43
事业部,43
中坚力量,43
职后,43
开发商,43
流程化,43
招满,43
爱,43
先,43
efs,43
毕业证,43
渴望,43
女同学,43
准备,43
Gateway,43
女同事,43
晋升,43
算,43
男同学,43
R,43
扛活,43
没关系,43
应聘,43
编制,43
任何,43
自定义,43
自驱力,43
拼,43
够,43
类似,43
5000,43
野心,43
个人成长,43
单身,43
it,43
storage,43
永远,43
漂亮,43
组,43
入,43
培养,43
高可用性,43
学位证,43
才会赢,43
储备,43
832498,43
下发,43
看重,43
包容,43
暂时,43
s3,43
潜力,43
网关,43
存储设备,43
舞台,43
干点,42
社保,42
value,42
十几年,42
住房,42
数据服务,42
密切,42
享受,42
户外活动,42
基数,42
认可,42
欢迎您,42
上司,42
全额,42
代理,42
安静,42
公积金,42
一体,42
规定,42
休假日,42
12%,42
高效率,42
回报,42
普特,42
狠事,42
交办,42
拘束,42
易读,42
素质,42
法律,42
公,42
key,42
丰富多彩,42
陪,42
生物医学,42
血液,42
思路清晰,42
奈斯,42
额外,42
聚集地,42
婚假,42
广泛应用,42
GIT,41
专业技能,41
boostrap,41
竞,41
手游电,41
集市,41
MQ,41
编排,41
源代码,41
实战经验,41
storm,41
关键技术,41
Uiautomator,41
为车,41
streaming,41
牛牛,40
各行各业,40
大牛到,40
基层人员,40
GO,40
那,40
人手,40
勋章,40
青春活力,40
低调,40
大展宏图,40
奢华,40
无,40
次,40
尊重,40
作品,40
带薪休假,40
猫,40
赢得,40
充足,40
结算,40
IM,40
吧,40
期望,40
限量供应,40
赞誉,40
Mac,40
一线,40
牛圈,40
一致,40
关爱,40
多劳多得,40
休息,40
内涵,40
直播,40
确认,40
才华横溢,40
上班时间,40
朝九晚五,40
注册资金,40
假日,40
CloudStack,40
周末,40
一本,40
幅度,40
过关,40
邀请,40
商城,40
双休,40
又,40
2.2,40
睡眠,40
准确性,40
grafana,39
合肥,39
总行,39
之间,39
加强,39
插件,39
科教,39
科技开发,39
用户文档,39
匹配,39
运转,39
投入,39
所在地,39
绿舟,39
海科,39
天安,39
持股,39
创投,39
城,39
中枢,39
数码城,39
系列,39
细分,39
缜密,39
Prometheus,39
管控,39
量,39
MINIEYE,38
工况,38
generator,38
过云,38
Image,38
国情,38
乐趣,38
Requests,38
技术相结合,38
路况,38
lucence,38
MWS,38
录入,38
及系統,38
里程,38
限度,38
丰,38
口碑,38
取及,38
坚实基础,38
一致性,38
适合,38
车型,38
率低,38
000km,38
打下,38
Serverless,38
卖家,38
命名,38
抓包,38
天气,38
信任度,38
敢于,38
冗余,38
前提,38
竭尽所能,38
加密技术,38
装备,37
SMIEEE,37
会员,37
大疆,37
timeit,37
安检,37
德国,37
黄鼎隆,37
荷兰,37
cProfile,37
日本,37
工作制,37
码特,37
IEEE,37
达成,37
Html,37
笔记本,37
着力,37
咖,37
新技能,37
共事,37
激活,37
The,37
飞行,37
azure,37
人机交互,37
理由,37
高配,37
gevent,37
Matt,37
宽幅,37
liunx,37
thrift,37
设施,37
易于,37
共拓,37
埃森哲,37
主旨,37
节约,37
优秀员工,37
Future,37
信息安全,37
大幅度,37
牛津大学,37
学历,37
VGG,37
orm,37
审核,37
最棒,37
品质,37
椅,37
始终保持,37
threading,37
办公桌,37
of,37
Scott,37
multiprocessing,37
Possible,37
人体工学,37
先驱,37
职涯,37
研究成果,37
无所不能,37
它们,36
音乐无限,36
助理,36
而生,36
K,36
开拓者,36
吃苦耐劳,36
过滤,36
支撑体系,36
测试人员,36
歌,36
形态,36
客服,36
余名,36
四大,36
拒,36
600892,36
数量,36
变成,36
酷狗,36
专业知识,36
做出,36
聊天,36
雄厚,36
全民,36
酷,36
效果,36
共同完成,36
本着,36
利润,36
完,35
工人,35
门到,35
方舟,35
送达,35
赛事,35
jQuery,35
快件,35
辅助工具,35
预测,35
民营企业,35
准则,35
过解,35
QA,35
yundaex,35
相结合,35
标注,35
认真细致,35
寄递,35
次日,35
解放,35
双手,35
22k,35
云数,35
安全可靠,35
GrowthHack,35
积极进取,35
认真,35
点到点,35
重复使用,35
韵达,35
维护性,35
递,35
球迷,35
准时,35
限时,35
社群,34
SHOCK,34
美元,34
配,34
破解,34
获奖,34
有趣,34
敏感性,34
ip,34
比价,34
球鞋,34
入库,34
们,34
优异者,34
日历,34
表达式,34
难度,34
交友,34
备份,34
追随者,34
YY,33
备注,33
所以,33
出售,33
创业者,33
支出,33
focus,33
WTF,33
维度,33
营养学,33
刘进龙,33
国民,33
条线,33
赞同,33
dns,33
用户量,33
比邻,33
饮食,33
必需,33
张俊彬,33
容易,33
带给,33
小组,33
两名,33
成就感,33
Admin,33
一样,33
趋势,33
连续,33
嗅觉,33
年限,33
无疑,33
敏锐,33
初期,32
加工,32
检索,32
专门,32
2010,32
着手,32
富于,32
咨询服务,32
胜任,32
联合国,32
身份,32
从业,31
提供数据,31
创业投资,31
几位,31
各大,31
人脉,31
过去,31
达深,31
福田区,31
深大,31
国有企业,30
历史,30
收入,30
计算机信息,30
207,30
始终,30
70,30
营业,30
位列,30
MSSQL,30
803,30
117,30
浪潮集团,30
迄今,30
